"","GSM748796","GSM748797","GSM748798","GSM748799","GSM748800","GSM748801","GSM748802","GSM748803","GSM748804","GSM748805","GSM748806","GSM748807","GSM748808","GSM748809","GSM748810","GSM748811","GSM748812","GSM748813","GSM748814"
"CG42789",4.03190440931681,7.17032703110377,5.81039385815497,5.9573496765704,3.14997392514346,4.17953591022752,4.21252544876975,7.82961642857586,7.71198248801615,6.179597400838,6.39694956609027,6.72657933168032,6.22965663640886,4.77176857388404,6.17717566222424,7.1905620124789,6.85486289924975,5.65762093209616,6.82142345486168
"hpRNA:CR32207",7.00846842570638,9.24537563292873,7.1404972876805,9.10887446896892,6.46159205778904,5.9560627197101,6.60743782393838,8.50314653837316,9.50185768998377,6.90793961293873,6.7401316174625,7.283457952052,6.59603352541992,6.40417721058687,6.71404598352625,5.82251123488353,5.93329256842756,5.15378911063932,5.7475244061729
"TotC",2.53421880632955,3.93768739904137,3.08285743489362,6.46147904461412,2.63522701351867,2.85220908281512,3.25721538114291,6.09949250077758,6.29445003869558,2.63476399267358,2.41779437460783,2.94871933678816,3.22655763512206,4.76949156225558,3.39378089717199,5.21033288573477,5.84400167090623,5.68566387004045,6.82151390109448
"CG43134",7.12875625584378,9.03000697750117,9.98711088732569,10.2760817707639,5.46013891508219,5.30741006415286,6.09455274516895,10.1723114506787,8.70499564505232,6.13201042449668,6.0645570305165,6.24488467227374,7.44447253435757,8.15523596659326,7.09249165445825,6.23337656279391,6.99317000788275,7.91010717338643,8.58738439055908
"CG43117",8.6682655012758,6.84329463966867,8.90736097585394,7.27365781028812,8.79646377244574,8.46010717402034,8.95653045020568,6.33108704359973,6.83711828583613,6.91976026181358,6.76550502125481,7.42250172527714,7.4634903117073,6.63050163115687,7.15734588828226,8.26675188494096,8.13790120887938,8.07894202276317,7.78309065499803
"CG30049",5.95110587374716,7.08416901908307,5.01068455403608,6.14044782897208,5.76533395665264,4.21161107152455,4.78793512540029,8.68690499347342,7.95124009841386,5.16299694396723,5.09371384162027,5.17104884500287,4.82786403267341,5.33917867180469,4.98392156909556,4.67040901724123,5.44740184712184,4.13069947928107,4.52080539492498
"NT5E-2",3.61752831895519,4.88912401622348,5.5265825869073,5.79875619296271,4.48055232807407,5.38918047052737,4.65952388051257,7.01525712995062,6.17700023418565,3.56523660534898,4.01797683137189,3.6115964901014,5.86012495725987,5.89688585114681,6.12302044008268,3.94934356747931,4.62761723846708,5.70288724990009,5.42288828848465
"Mal-A6",6.93210311186993,9.24595755000138,7.45132196336975,8.54388184233928,7.48731078667582,6.13339986246533,7.36689691407629,10.4505006687789,10.630934089337,7.05851651680155,6.81916125727095,6.85167007740742,8.03218011984851,8.69163663901699,7.81717108624768,6.34643082304289,8.95961677947118,7.6160812533402,7.53325552568823
"CG33474",6.3794537856025,5.0302034753582,4.54313165303993,4.67226739575241,4.6344927551861,5.87471499169902,5.92586547517376,3.79394367070612,4.28818433311619,5.96500790798117,6.3285281065995,6.19671243142883,4.2285555187426,4.44486718932004,4.23741550740408,5.92699683912531,5.98111722682155,4.22338520232755,4.36993877125577
"CG13028",6.09090728822266,4.62720917586423,8.07932284034857,5.38396231707983,6.69894581742802,7.68249112177235,5.63969442820015,4.74607793803239,4.29826171212068,7.06269197900032,7.06408602618724,6.96167276301767,7.70649755507893,7.93007318419369,7.38386774722806,7.14876677895573,7.02301174291194,7.55307003837915,8.44863192258195
"sc",8.85138110843604,9.9733587304175,6.67150212749467,9.28487071445481,6.84831969732238,6.84384816299061,7.89929625173605,9.96246820757924,9.88534102892224,8.68423532639289,8.73474770031524,8.8615461715088,7.95082943898974,6.40471143328302,8.08232386386912,6.4712928417475,6.79190716041407,5.51182663831511,5.89849913687193
"CG17778",6.74477306014627,9.02979876593717,9.09443457454079,9.76638306664247,6.50121395355843,8.72191541876657,7.02507815353418,10.6305748235022,10.0225040737466,7.71625685412617,7.51544451416986,7.43997296627284,7.94501358279476,9.35743892415906,7.61110553886099,6.80494888471872,7.20769094616403,8.83717656042129,7.77961661191247
"CG14798",6.3207747779928,7.97832296765531,6.50312475407016,8.2716412498775,5.89846485580149,5.61909714931453,5.70878520687171,7.61040521343434,8.18605489211707,6.02156217078426,5.96772973279375,6.24236839873556,5.69276980092414,5.28332607463095,5.75231552211459,5.14382448770455,4.93247186746095,5.24943490781843,5.15333038457695
"Unc-76",11.4221259593424,8.62331922464277,11.4459002625004,10.0221817231629,12.6618986033578,12.3215057912422,12.2408160321175,8.78620382737225,8.81889165957705,11.0372169739619,11.0944495149417,10.9818990230004,11.320744707961,11.1323538635197,11.1446541286766,12.2134011953178,12.1735506309514,12.1303860683809,11.8460072932435
"SmydA-8",8.56908112467712,6.98194459270699,11.1128668852993,8.39515384548825,10.3598637999223,10.8559417520262,10.0961937169559,9.28442126477338,8.57433742609961,7.94772396855201,8.23756264784854,8.10217634871999,8.41014498100914,8.65068765039699,8.15360749195806,7.80541233925107,7.51936279611737,8.14641482706713,7.33746014164909
"CG15468",4.46894963657597,5.28063119840677,4.02976603152197,4.78774620980329,5.17557878139803,4.22167585513694,4.61088076214871,3.76760701824742,4.22756905301656,6.29090671046984,6.12663488493216,6.13305945083771,4.37230733363997,4.45518321902507,4.55744954419864,5.89994330118145,6.11428067464782,5.01387023914982,4.68750704085198
"XRCC1",7.29985357892615,8.54435731185541,5.93098363907868,8.38533809411251,5.85463122409389,5.92365054767442,6.57295774582227,7.60297058131128,7.96103138893207,6.88186478671055,6.85621105385245,7.32785599926762,7.4196620295277,6.97002287668687,7.65715821152377,6.37100442989593,5.5972353364663,6.59020005825283,6.95023663148042
"Tsp5D",9.81563494206064,7.95778615234744,11.5257095532145,9.09040897821522,11.5870976211455,11.3771548458384,10.5436913587655,9.59379169529328,9.62903275872205,10.4052650600788,10.229275183238,10.1251313837467,10.1571801492561,10.6884712621048,10.0732101964746,11.293556866266,11.6863900876489,10.731362748945,11.2800028935872
"CG2258",9.10546879249649,11.0292418725424,7.83264614441568,10.5025300791021,8.67302321343374,8.62276383193473,8.24417350707911,10.9146489297195,10.7828014096374,8.85666547208816,8.9086615502758,9.30193201789579,9.75153422635623,10.2807311860846,9.60040672086229,8.93439308158763,8.61348589420692,8.93190245927416,8.83260363764069
"otu",5.20551262370955,8.4722795696142,3.69781344190061,8.20442255432996,3.42177086732665,3.70875126289471,3.73949583163646,4.16292962694031,4.71008386815232,3.73926798250447,4.32043268518978,4.71520193076801,5.27497023762111,5.34834656754231,5.3462141076542,3.69939701399735,3.46439031357969,4.60193053551288,3.61652135264432
"CG32299",2.75843022508003,2.79873873627003,2.65811395469484,2.77479302444411,2.69305507042142,2.86198291343246,2.53576206002671,2.70302834933091,3.07757792141817,5.40684915387092,5.50653232992081,5.75579181920697,2.92169420742876,2.58286045315003,2.48538400972691,4.16786389416395,4.38191999598462,2.77799517153742,3.53579586191321
"CG32305",3.31311207394545,3.37578323593607,3.10214598271113,3.1124715590934,3.48035587968016,3.11255769420337,3.35088487688791,4.34222004231362,3.4950224929741,7.05756409734151,7.0765013699632,7.53929988017031,2.84804719960153,2.69376673021963,3.30239790826868,5.31639022243392,4.56937674600791,3.3591412593119,3.21977628556212
"CG32368",5.76323153547306,4.98481771106781,6.42214264868103,6.07963378126246,7.34933962610592,5.95739859485096,7.12221012243894,5.24156616115842,4.88869949287854,7.98842840938701,8.00522717413919,8.00845809277616,5.25492519540451,5.24609073865279,5.11969101211715,8.25768864236091,8.48053091230245,5.72913864861833,5.68985896288091
"Muc14A",3.57702661259487,5.97517901098861,2.89464119393195,4.52456060425738,3.65804247439649,4.20885689819982,3.98576474306075,7.20677732366346,5.88106615672051,5.80139240166503,5.9059849926226,6.45549770458634,6.6375083772974,6.17997190025404,6.61561094958174,4.5249176766066,5.89779136444962,5.65505863807582,4.8132873814892
"CG31125",8.15444632690839,9.10998564201596,8.29681534770648,8.71949838143741,7.25586385233765,6.6686254226327,8.13072302339047,9.78944717527513,9.75452434031006,8.01074819916416,8.04030026399106,8.27809003476123,7.98656250942349,6.50214136449665,7.65808542713438,6.65443870708741,6.50884857677391,6.85827839838504,6.56892329500215
"CG31251",7.48880357167191,9.11238828467217,7.88216365425557,8.80830765872665,7.02211858585966,6.92066296878064,7.19617851140934,8.37703024499108,9.1225360616201,9.3796933742471,9.44466825771801,9.5314600407687,8.89173697917074,7.73130954861149,8.67510905086861,8.17223823286067,7.85017226624337,8.10947839958709,7.78552722594924
"CG31436",7.81995145399962,8.35911160402492,8.01135539843411,8.39057932785568,8.73580154804694,8.32026971978363,8.03574493090292,9.95874625207998,9.39961165379726,7.88220227153137,7.95893794952391,7.69240057694453,9.39753479493929,10.2009015646551,9.27738439330711,8.45941410896075,8.82406794607976,10.035827117578,10.0020432356288
"Osi16",6.04588990644828,3.98400692152971,9.53798648762627,5.73617985732137,4.80648614694081,7.04606062119764,6.15614227197272,4.30507275358831,3.647595400319,6.11575021299839,6.24344577554113,6.61149404277252,6.85966240492782,7.01634743603002,6.37446237405696,4.87772898515658,5.51003906307074,7.81256065252562,6.68420739351439
"CG31769",4.40214444741509,7.52887827414513,4.88095026104849,7.23540702141436,5.2157828745519,4.1130505321208,4.34059900180914,10.572279906834,9.30124947543914,4.8037746773018,4.5034946692618,4.27859895256079,5.83806794176439,7.11452970843822,5.76679337707272,4.27785161524085,4.45108712922738,5.91410391491681,5.25810737402779
"CG31955",10.2832112613126,7.59829216868291,10.4078408487286,8.60792175224348,10.5160577826895,10.2468928003407,9.94235242249846,8.59166463122932,7.94949640196779,9.90224626556485,10.0107586167863,9.84844898322681,10.0274164571368,8.79426168329016,9.71028102229782,9.51700636586507,9.67238335913006,9.34456679092873,8.89275777060641
"CG15312",8.61416735426314,10.8161172362035,7.21608631276247,10.4059364941361,7.12586937477772,7.73789202223649,7.01823169321651,9.85935979713758,9.60277808182786,7.97789955249976,7.98067985175325,7.9096582272406,8.81827519524095,9.16307696557676,8.72261040108477,6.94199262442221,6.75178351378756,7.4092582424043,7.37246225426555
"HP5",8.214253489581,9.8596956099294,4.98129897079039,9.1555514061202,6.96116535728552,6.81629778103722,7.32203248723324,8.54315909073808,8.34276472322479,7.77606116699469,7.69831065104914,7.6889774156192,7.91924736580702,8.06692021248583,7.81431649590707,6.41530733632119,6.54954864505523,6.91414794982372,7.01050494190744
"CG4404",7.74239057944455,11.0376262691702,8.24792737494242,10.7914661826557,5.33389841993734,5.35908817728512,5.431956295508,8.48618703232711,9.21403972003568,7.46055808438936,7.43986874598746,7.65690999870841,8.13801178879398,7.85134614347927,8.1895787475284,4.42254866607163,3.56980027771457,4.8241875744619,6.06503592017588
"CG13403",6.9063258441205,5.28308148546725,9.58814825208224,6.52011240655611,7.78959282539479,7.71424766027536,6.51444371430234,5.46065907266814,5.31940191112445,6.62209904024648,6.51890206101384,6.15204642230875,6.4682615165291,7.31418774232638,6.39398060145065,6.10231829834698,5.56575892112452,5.50822560863006,4.73325214881158
"CG11674",7.68086800748416,10.3578989031087,7.15644876608702,10.0779055282848,5.84657975197468,5.34880857471281,6.091672218402,7.08711098251014,8.16972083697489,7.15459802659001,7.17163493790486,7.80610997196525,7.40181533176404,6.69637867452369,7.62444159397536,5.549010056411,5.88755208095267,5.8591904656248,6.32390146200057
"CG9514",8.72116849802818,6.93114057480195,10.0697345494119,7.56707586364789,7.94716391585742,9.10233076584286,7.25699634590262,6.90084468659282,6.79349430240073,8.54144153076012,8.65749780632055,8.2203171912682,8.38179344886874,8.07723208098835,8.26970101197013,7.87314924517631,8.09453704442814,8.07477571326116,7.48350821372197
"CG9981",5.34985391514136,6.86258061050968,5.64546324494086,6.61782580345077,4.70125677111126,5.88419765785111,5.32001419413251,6.91337340628806,7.17420880816128,5.60782312622797,6.13762993658642,5.96086776654035,7.12936233111729,8.9743245838261,7.25436629707352,5.85800859672563,6.87947695331289,7.18423598920012,6.75536435972721
"CG31102",8.66160614863725,5.30472150109489,8.18596895208722,6.81606102498789,8.70605216947574,8.30971369249558,8.82269449912147,6.2662620738811,6.53399846473907,6.79675562138937,6.93340713482083,7.04853721736789,7.40516808608125,7.62550386343135,7.23837245376305,7.84394377717868,7.5763397466506,7.60525775175222,7.0326322018761
"CG4678",9.05198839144309,7.15342248967915,9.86000521160399,8.32466566681219,9.17359091664483,9.63518688389231,8.17167364063442,7.87376032333569,7.11753841378695,9.10628969796348,9.14071469720351,9.13710054891657,9.56308976437591,9.22355495710911,9.39086183811404,9.48839523031953,8.96900300142652,8.73917545837,9.10297664419159
"CG34325",8.91678640523562,7.40636067099739,11.0911080157347,8.49774439308333,9.69877358301424,10.5006938449647,7.98783219353195,7.64026622621714,5.90856658796976,9.10485606398746,9.13413005519959,8.92100357362399,9.49264508784206,10.7114070900293,9.26668035220229,9.98174890870395,9.94747019015059,10.0994741522899,10.259808557839
"CG1722",5.36517831314294,5.92458974895832,4.76326993777459,5.96232801383151,5.36730084278254,5.55577884433637,5.50487367916264,8.83859762598081,7.72196553348808,5.89280218986379,6.01098975872639,5.98825039690856,5.9867644666833,6.2933634740396,5.45600775515894,6.90967105289317,6.84447479148927,7.17866729230537,7.28155299829148
"NLaz",7.95121128337222,8.27402685738125,8.74809864514278,8.48862800655532,6.6522716105996,6.82093897796614,4.75120245843949,11.1481735273815,9.84006314546222,8.08912672051726,7.92051859832875,7.87024937266961,8.24298931172294,7.91162195631588,8.03159442721795,6.78401236884985,7.14787624385468,7.51580683766035,7.96717940645694
"CG4267",5.00460878894258,8.35134916562165,7.4813359261278,8.20891130496123,6.44603286121504,6.38355118583745,6.93378909605803,10.1201747609777,10.0513346387676,5.37569221491956,5.47687859343443,5.53316520138008,6.26507273246794,7.676040491632,6.26311006319296,6.91870078535931,5.75382119493393,7.58122997225196,6.05423658031004
"gkt",7.74669087091005,8.18785610841399,6.86790336248913,8.07432951698544,6.07099371338604,5.76184863316645,6.09958633293416,6.58281462299951,6.86906674823586,8.39536153101064,8.3651122125336,8.65773035132742,6.49852980164255,5.55197678024483,6.63855595127454,7.52054790792867,7.3332934372495,5.77581760263682,5.76934847472395
"AGO3",9.48217746597122,10.9096114389437,6.23235673772917,10.5567895923983,8.12698266161926,7.81528938524625,7.56704302869519,8.92333662074141,9.15484078313214,8.57225293644076,8.65011339227567,8.85009448223392,9.10021270814179,9.29456634533666,9.21528250144713,7.93378030305169,8.14943831951314,7.90675675837104,7.69957330979996
"CG8851",3.46169612829372,3.51429566011139,3.95216904742259,3.38405543598578,4.51753175675292,3.82568546411314,3.49193758120997,4.52571442384465,3.52171207921712,3.78518290029763,3.34780372267771,3.38249011228466,6.67531922339423,6.26874059920213,6.30457872006631,4.03439922056262,3.84778069926416,6.3626884041853,5.7865968067601
"CG16704",5.70792212897638,4.59647521725375,6.91835977090747,6.29936980041447,5.0346739847874,6.08121661631158,4.94291836364188,5.60926436934411,4.8331107055245,5.13381823773603,5.280290702885,4.68083344329356,7.2044179479195,8.85999174029738,7.04995941559868,5.4803244650103,6.38494940403902,8.19449017186222,6.87089889827444
"CG16713",7.34545939274015,5.4424419941186,9.60923863491619,7.98829004514981,10.9250779725264,11.022200585567,10.0028276612864,7.76391177601711,6.62631022995058,7.41591709545635,7.25032601165451,7.02713298934396,9.17455585886671,11.4338615040348,8.98673276393404,10.298607483463,10.5092580009352,10.9820018143207,11.0734291934698
"ine",9.15260238578631,7.64096084045808,10.7218873694109,8.45759619220579,9.3317109486005,9.40350283344419,8.35980840955669,6.37109689300946,6.81671116982074,9.57827592646211,9.60565287960802,9.53350747049254,10.4191158551821,10.9103137875486,10.1921339030015,10.1237660574065,9.24457681439319,10.7256154168093,10.0895788546272
"tkv",9.15563915703404,11.2065256012994,7.77114000989265,11.3242055581898,6.19626523492993,6.80814112430836,7.37858096904242,8.22800461086698,9.2707724178697,7.64065616674825,7.47338036358394,7.47331832380217,7.68077972296761,7.42618291888644,7.56891117149685,6.23502986431246,5.85582102699449,5.851120002904,6.04168620351524
"CG13786",4.60916333630569,4.08371032423284,3.75119103363537,4.2702590672937,3.9014478954313,4.04797382432104,3.71752524317844,3.90745888369418,4.33887479693344,4.46548319481319,3.92744085286457,4.31104001063698,6.29765939311931,6.37236705829147,6.12726114203122,5.67082944422909,4.74980841266457,7.21136341197502,8.37631217958024
"CG7778",4.98831787944786,4.45257984036341,7.62707589347519,5.35184050901089,4.64675603712721,6.01759985508069,4.39371050785263,4.61208561887582,4.15134858612998,5.92207024618601,6.1004713921852,5.29752565514201,7.17786525011749,9.27823956068191,7.20747801623497,4.26727196699235,4.64399354879749,8.0077767048319,8.82630499606978
"CG4017",5.20668908234074,4.53460367747872,8.45080588659501,5.4332295118519,8.51186489007322,8.38753624745137,6.96222090503307,4.20093258252319,5.68826962670583,5.77012156523176,5.97707615411097,5.81950400494448,5.3954174023113,7.28120628680377,5.2531280944428,6.17791302487451,6.58669039827094,7.39106303619725,6.04487884550388
"SoYb",6.88182378803929,9.34725067813596,4.7610606263571,8.78053933030348,4.66157354936298,4.7204903076933,4.08194858861107,6.24373213974287,6.48586128721329,5.91967631596722,5.76714733192809,6.32388666317304,6.66441874884916,6.44680897927463,6.54373872542013,4.29291856369914,3.84526047122577,4.22190273971858,4.38754724819606
"aub",9.2851778270208,10.2015740179224,8.11473917135615,10.0770934607609,8.26249245149296,7.29687617605697,8.61239366752073,10.0838695265349,10.0715475796535,8.23789224257185,8.33740143079658,8.7010167608786,8.51701799473249,7.8550536522267,8.49929679734045,7.41621790662097,7.06683399635868,7.22898726877088,6.76900231182608
"CG14931",5.10918240225438,6.85470529782922,4.47733881617137,6.83509860339624,5.0908004530002,4.39428555595444,4.2016193359153,5.75873050138465,6.59251751198022,4.66911446799095,4.79141365072791,5.25829140773998,5.21933461341029,5.12620945631667,5.24604123484983,4.59891571996776,4.45383666758211,6.3544404547407,4.41284569820422
"CG16965",5.92579605252596,7.64695969482944,4.17960681511582,6.84586430656984,4.87333888754893,5.1100281762061,5.63047008749739,6.33336813603078,6.95094785920365,7.09181540820224,7.16229139357645,6.95187540487474,7.35342635541661,5.64518917310666,7.25505332379803,5.58246933875466,5.3605798608466,5.50007215407156,5.91192846629532
"CG17217",5.71583355429804,6.04063705115934,4.94192720424158,5.55512254087735,6.17948667916806,5.41735044563202,5.80943773233919,5.64149086201916,5.78925934667089,7.12155749716734,6.9514577220227,7.41676728676525,5.48060354445789,4.51569271737217,5.40063458668244,7.35797323727198,6.87722624502531,5.51030252915584,5.51458390571294
"bru1",6.51551807958074,8.54918320517051,5.89151811108955,8.54144321547717,5.24882541335122,5.58730943607777,5.98744296327957,7.16015419523869,7.4224688757935,6.73373679358239,6.75990545654818,7.11543675030709,7.24862216331539,7.17401125431385,7.21708115575166,5.98558160716561,6.03422872277733,5.39519929482407,6.67884173836995
"Oatp33Eb",8.08986387606393,6.6993032157094,10.2187211992685,7.50978932681345,8.17467897577824,9.36557433193093,7.94966278536711,5.9349728559481,6.21567262122308,8.50017405124296,8.55306338461515,8.55721136944743,9.31431517338779,10.3818588681164,8.93257015387979,8.67980484199886,7.44863425025721,9.79489972497863,7.63429716535084
"CG9008",7.81812183395894,6.55744290246037,8.86677335924363,7.06368440633377,7.37561725298046,7.91530698959425,7.57434875483133,6.8467741919143,5.51987058889307,8.34522972265989,8.2100408950585,8.31730537878164,8.71821627108421,9.56999566795882,8.51503971620532,8.19206594549738,8.45629053846359,8.57664869712374,8.27540031601573
"Arpc1",10.8033080537132,9.71274031228947,11.691574094052,9.92014973526115,12.2127712390139,11.8912803141405,12.0864912338902,10.3444870617659,10.4168122437986,10.7853263609965,10.8487987901395,10.7966843262992,10.1560205619653,9.94430807881117,10.2117150630283,11.369077668215,11.3026137616389,10.9007876487728,10.7609652045333
"Cyp28a5",8.54575747967355,5.00649543422148,9.8985665021355,7.11663016523895,9.75214060980516,9.68035935661436,9.00360198747971,4.13947339087468,4.47637081904356,9.23681430448154,9.29506309938942,9.11358161162154,9.54687715223235,9.87618224641452,9.20533775459698,10.9624068955841,10.7784353929817,12.0238257875467,12.4481986164537
"CG15279",7.65106053658076,4.77394252030946,9.42473314990632,7.06835262390186,8.47728194498485,8.96278915794889,7.2048335593204,6.13483243615755,5.36527869884946,8.27584685577055,8.35514814720665,8.27201284068769,8.68912342055607,10.1890508544298,8.41190293635446,9.18025416275163,8.73943482726142,8.84180086438464,8.43313172048306
"GABA-B-R1",4.92220675363414,6.14025890698515,4.53576763621714,6.35862876040292,4.67032027872173,6.12309975404804,5.28725352221157,8.27924725159048,6.90508145596029,4.83974443184643,4.60805730265378,4.79628179418551,4.56281914133176,5.4189522806865,4.51585494560615,3.80603947971455,3.80715972483831,4.22571525071108,3.87977918153405
"grp",7.57645162931918,9.19403152396737,6.43306977852315,8.8203871208791,6.14063746526193,8.35453655086217,7.54256571255954,10.0105839604629,9.63244052502521,7.97898926653227,8.05284283460459,8.28445676792451,7.6876842247047,7.37996640395203,7.19427487936344,6.89027859444082,7.17535712547716,6.44774776786937,6.15794673103259
"CG13284",9.97321534095661,8.72368609464967,11.3644797382613,9.34896007095126,10.0722781135479,10.5781322460122,9.97951494177431,8.64993131522758,8.30213187335808,10.5603022737746,10.5722476145446,10.3790304125927,10.8772562542465,11.2718328512732,10.6973713630751,9.67406822667168,9.39345751391445,10.3618129221267,9.30662310982848
"CG13083",6.54564013767151,6.96738783316939,6.94024139715746,7.81159646119549,7.09749134068611,6.45632881728807,6.62638343639453,6.84646706898169,6.86792415368549,5.96827700133359,6.15299413990876,6.37898038734916,9.63907392738325,8.11837424240488,9.53655087955661,7.14075179111989,6.95869280530961,9.78852511171606,10.1299566712147
"sNPF",4.19814036138587,6.65977313301955,4.90472213307505,6.79064181863836,3.51527385058651,6.22722976599972,4.01369699347355,9.03964552184412,7.50998350298206,4.4409246184113,4.76206032525307,4.78292485343127,5.34856004054581,7.04246526999694,4.92003498301711,5.06504226332657,5.4352868319106,5.84180745963834,6.03234291958437
"CG9272",7.124679252602,8.90161370923381,6.11385468804249,8.53155824594488,5.70682060728044,5.65250627863018,6.3073022634219,6.71194657191867,7.34342838384858,6.4584708245602,6.39134213243245,7.11739985942591,6.87941026250694,6.46757069682425,6.85832897669121,5.88353615864378,5.70560797647132,6.31202355482645,6.85576221245158
"CG8677",3.65292107040632,3.74482066005808,3.62225126068629,3.06691560348752,3.79009895940994,3.39810927812792,3.73692215565786,3.61993134341005,3.41025484271933,5.6617793765641,5.36848294417732,5.42186554955129,3.55813423786947,3.48867777264232,3.31354891582732,6.20804364171058,5.78536112235152,3.84540128474615,3.3890123352247
"sced",8.44435734439776,10.2160101013644,5.93846356778419,9.73824426729516,7.68755462228712,7.64947133411156,7.4051861406584,9.38414785551091,9.45561336319892,8.2267251552819,8.13857604053611,8.71319224410868,8.67981319441602,8.74503148644171,8.78963733195177,7.34982757040154,7.33752454341646,6.53268075439143,7.54332363808594
"CG15236",6.29467367644007,8.28494509925706,5.87621834955154,8.17751011457739,7.88155219699175,7.63288708274276,6.14611199252508,12.0682908832516,11.7336626339434,6.59118147613442,6.76280125867033,6.57590331950645,7.30683047026641,8.67679480674123,6.82070364534141,7.23310420510235,7.86004498333552,7.77458666635789,8.96629915614233
"Cyp9b1",4.39232441841416,4.66797032930555,4.68169059512669,4.97629826300425,3.44166247817912,5.17778793364792,4.39006621089017,3.42933235933466,3.97819340404272,5.63406949382895,5.48016649288578,5.76829057108399,8.74967064976018,8.47221074697073,8.42833852419967,4.92419113300992,6.08449190603683,7.98425524993554,8.62461179294133
"tor",7.72662820368958,9.93030087163054,5.60835371472639,9.58212304490313,3.35991674759491,4.97844474333109,4.93600427085864,7.23121776571991,7.81529102198263,6.24822126879906,6.30960753785606,6.88047637948002,7.1850059351556,7.32326422912428,7.15964048400686,3.04372195032151,3.78686729879899,4.36534896732018,3.97218414266566
"Obp44a",8.55115278311524,7.17167510087128,12.0409558067539,8.95296112968148,10.0626874087266,12.1455683262477,10.680090797054,8.6899314083919,8.47540754344527,9.62952675287749,9.54336780469137,8.56936544147946,10.3129723873639,12.4998056811414,9.91528194556278,11.068358938809,10.7651001257925,12.0435479466259,11.9416663428455
"Mal-A7",4.01477358069517,5.42589998687472,4.58077655418186,5.43373745715455,4.97640749887516,4.17879199099374,5.3459764091374,8.42738788251238,7.76519748729994,3.97448560009689,3.93870950433222,3.92171699150497,4.24999490460189,4.01062767748943,3.99944314902387,5.22819729547803,5.68074805630569,5.06248988710997,4.64923397119894
"mtt",5.79645888793959,7.4184150517549,7.00958293310854,7.62560048168146,6.09131996669537,7.80979018387901,6.22391820967235,9.53972987776744,8.38994297657525,6.16543210763333,6.16445942002405,5.98545064279171,6.73911104769268,7.83423015646205,6.01871745396878,6.28420447828471,6.5609619834633,6.75339371839129,7.55444571294645
"spab",3.93569725963163,5.68527968522512,4.74170540957308,6.87173016830167,3.74168609661281,4.88526630545417,4.15822576810239,8.24619701021587,6.84755349089333,3.75995302611441,3.68457049943075,3.77607607971309,3.70056713161144,5.88571440439389,4.18522338177546,4.43198547416264,4.24004664943422,5.04588352163649,4.54721317033375
"Drep1",9.04698629451525,10.9632426655037,8.27271666259376,10.6494703142025,8.3113578815277,8.20596808957357,7.74287874396739,10.3642387191309,10.0069251057923,8.41162598193446,8.46122860766319,8.9282336881976,9.54200998405929,9.66022036910994,9.42838770726074,8.12301288115052,7.73401317925153,7.41511876482601,7.95120961711054
"jeb",5.41715621030383,7.14983156936485,3.39693334787957,6.13777316035489,4.34674837789308,5.28303158783197,6.1187049544234,7.96880269191673,6.92075127565628,4.58983654729828,4.66044648332922,4.52267497237519,4.12697090531758,5.21893699098953,4.23178750420085,3.22922406375967,3.37610461053592,2.98226406418734,3.33183908838248
"Cyp6t3",3.55993621165992,3.27147577090773,3.86480602300455,3.11866892992591,3.51578168570299,3.84274485902452,4.3752194019203,3.69082482752443,4.19849017577832,5.62277936448764,5.61790382437025,5.5645844041003,3.39014894805372,3.46418261749197,3.44339356876435,4.814768164889,4.64900330988944,3.74385083759583,4.32653795517238
"St4",9.58629739917989,6.38140551722301,10.6723841114564,8.98162715360262,10.5371247510679,10.6994203793723,8.78878075967246,7.91087217959229,6.73000087153418,9.70522535210863,9.64942860974881,9.85173798229612,10.7681728409065,10.1666830822191,10.6518755206326,11.1546405246873,10.7978454483572,11.1687974989216,11.3286099148059
"Dh44-R1",5.65666794301725,7.47749755646596,7.7167292903449,7.52228139945276,5.38853329304459,7.37706324957398,5.4492696795477,9.50878024390799,8.63413864214657,5.43542311802567,5.85481689546304,5.3952708731488,5.81263703064725,7.40261334845353,5.56492289998716,6.16146114570423,6.47779334661919,7.01236173486133,6.17619037960585
"CG10257",5.17820659671706,6.79669879521281,6.32489713270503,6.60897098450919,5.14704650686271,5.87250455940064,5.29094268048272,9.05020432158025,7.97511843760928,4.88766071727848,4.84911480647052,5.04953726781498,5.66358647228571,6.49427073571302,5.38619403735886,5.05954462536755,5.10264461248188,5.86500568419168,5.43895257309454
"CG8157",9.08956737338812,6.14140442379831,11.3438663034202,8.5713142448228,11.3902188828697,12.1594135843756,11.4084658278383,8.53419266273438,8.46180674513203,9.62632730186358,9.42036897353343,8.8868011667368,10.8519317039089,12.4180167490071,10.83466940276,12.8092187812278,13.0175478037132,13.0167509863317,13.3597584757101
"CG8160",6.2770406938213,4.51371857671315,8.48179501910706,5.68390014585819,7.2056047871792,8.27327878283961,7.87861059965297,4.82984335562867,4.79682742582454,7.01158178320412,6.59731008143728,6.09750512138511,8.67599878402312,10.3094091739003,8.51277651244566,6.64807836978351,7.28229162698879,9.51645596373409,7.84390849219173
"CG11400",5.14656959374303,6.51530794791357,5.63453023486235,6.67458435411943,5.04253913949224,4.53501052724396,5.44808431364125,8.11588673870763,7.14147863743363,5.31231094671795,5.0651336697397,4.97857223578914,6.21685272047287,5.51740106773945,6.1593742324067,5.03050765970451,4.44586125522953,4.97202756464402,5.01566340484295
"mthl4",4.22465329923892,4.77749766086443,3.24515790103346,5.19129056493561,3.1879995362971,4.5101966946079,3.45924043695213,6.96703837091026,6.35335948016365,4.08099486841125,4.48256864707785,4.42414040628621,5.11849093916417,5.76708991875923,5.18177748720772,4.47683086149345,3.71556457467859,6.10957717987317,5.46539339570887
"Ir54a",3.91434565929067,6.30701290073601,3.35602192183914,5.50992757967432,3.58000156905138,3.48317199772233,4.73813757525159,9.14764542863881,8.83929835156627,3.02439081398592,3.22574228054846,2.90785066324203,3.40181450810137,3.15906927059848,2.96650863400844,4.14791743514208,3.75624972670371,4.3294827002921,4.27439268973215
"CG18190",9.43907546372358,10.3318384247273,7.31499465035825,10.1485894778923,8.22960161824743,7.88230474398241,8.83677737578386,10.1550814641481,10.1475661758311,8.56333441589968,8.65944353511922,8.82645071597345,8.23893873523971,6.94405005863506,8.35080004357329,7.48752295531011,7.49974532650412,6.93941967079953,6.3178606492669
"fest",2.80651399564125,4.44250341341752,2.1590963711325,4.53346056444261,3.02466334635195,2.90808516143347,2.61379177182226,7.19040852963258,5.58076890044262,3.90323533803747,3.61319637872873,3.12202360411682,4.46874575767615,3.95247855839951,3.613442040199,3.00035332328007,2.91371141569765,3.78623247319963,2.85412648090021
"CG13532",7.85596610609514,10.0833430949448,8.67776200400553,10.2427283543329,6.73912410471942,7.63813563416547,6.4690269342806,8.55701011273383,8.92444113343683,7.24072082127081,7.07380567005897,7.58585549365596,7.66992736101229,8.26576397939222,7.56636563960231,6.58784383910719,7.18077062582086,6.61621292741859,7.45576157868332
"CG11891",2.91753299083964,2.68597066340588,2.70836309994628,2.89050752466537,2.8027086671507,2.67149715531502,3.51688456898102,2.96013424734245,3.20063039102294,8.33503383427806,8.3620128918249,8.35212897098744,2.81947807049044,3.11599601982663,2.96140306769789,5.85278127974249,5.87470065527903,3.08133988786308,2.66270766534161
"PHDP",5.56874026499744,9.38672087515845,7.87891241087008,8.04602904940873,4.83841702377089,5.64621026885878,4.22644142657095,9.586680013228,9.83966372537528,5.93823346820182,5.98278463216528,6.18257864074844,6.13124622799756,6.56893204578864,6.03122651707567,4.93816811416491,4.69781880647547,5.19315224408883,5.41034581258765
"Gr61a",4.05233141756405,5.88447386120609,4.65395959327138,5.25759107756783,3.58520124954547,3.18500648980147,4.20711225247103,6.65509740281448,6.1750769062886,3.4424144693091,3.35465022082396,4.06182081746865,3.83716683980812,3.05486842724728,3.8301205642552,3.4101241121397,3.62837566227936,3.68830120269786,3.59194860748643
"Glut1",6.1221787640379,6.88052254524255,4.950458860431,6.48236106962283,5.26858780375368,6.54874336103229,5.67570756455214,7.27631543332067,5.95415883083883,7.42438864220317,7.35885442110328,7.32871156275023,4.8355019223005,4.46523678110816,4.37648409580789,6.22534612397953,6.15807173682651,4.09086662052794,3.88397207451382
"Trh",5.93558194971796,8.0890617610448,7.70992441881833,7.70197865519067,4.87366598121396,6.95803483439976,5.36648250781514,10.477009515732,10.4021346475421,6.18614784767491,6.3746526867238,6.50733180855214,6.12601919331087,7.06838688976827,5.78743268244149,5.33871082311441,5.62868893286475,5.61152490936757,5.31000391059508
"Cpr62Bb",6.57442204656439,4.16627717165986,11.0437751634939,8.14262461753227,6.41028046938603,10.5588967663672,8.09413055175434,4.83848080391887,4.1019631311268,7.8470059080773,8.09870933546406,7.73568942889315,7.80514301927385,10.5794501211534,7.59477432678201,6.17696138753612,7.73151980350883,10.0421264266654,9.10177748413252
"CG32301",3.31034899050111,5.65423061824343,3.46127123152181,4.79592085408935,3.78066338408394,3.9781045334161,3.66379139289409,7.79739248676854,6.61063092566598,8.22112638239305,8.29556889846647,8.53185998376765,3.03420186300966,3.2542090853891,3.42730376168875,6.72255736448334,6.26317943662013,3.34613069898097,3.88443102865823
"Eip63E",9.12796492668127,11.8745248709224,8.49509541053799,11.4952728595098,7.26807539119306,7.27161962797239,7.60595640053341,10.52529624915,10.925365524132,11.4325732539913,11.4017501058172,11.3492123415457,11.5958340427227,11.3155185090055,11.6448335918567,11.898196262434,12.0119572065308,11.7630529254951,12.0635628105726
"Acbp4",6.95049345934427,4.88064370938661,11.3345132121131,7.46702512934392,7.56974245310259,10.8478076737877,6.71256085805971,4.45943084903478,4.18852093560935,9.02962895022593,8.95563653797388,8.35539714859346,9.24653541257969,12.09219073926,8.84594118660869,7.68647398739247,9.79156298492802,10.9747159141309,8.69751270101109
"unc-13-4A",4.59634943136524,6.77399590002745,3.21972355099055,7.1289060314338,5.54327874985141,8.05556844410396,3.59206838686714,9.83499987448802,8.26782687161887,7.11321104241398,7.25734538455573,7.4352733954705,6.04769919064159,8.27475139893016,5.88237233721317,6.51004752040866,7.70478794233047,7.08808730660622,6.70282854992116
"mthl6",3.73013500059449,3.92801169553022,3.96152211095019,3.92530967134844,3.74253384590179,3.83902674853685,4.19124866116631,3.76404549500512,4.2900721806015,3.50472427013319,3.48655538979984,3.28966016506875,7.63726351475592,6.66623513567695,7.83192663137384,3.7938926390671,3.41805797722319,7.29253898519548,7.56101785024903
"Culd",9.01595565192703,7.10174031506274,9.22889714882811,7.86163886089303,9.08685631652252,8.89192273555738,8.90304827344976,7.85335660282168,7.71520040783773,7.67538055637756,7.82781041440349,7.63672565067445,10.2382487102375,10.3463295930959,10.1073321597316,8.98856049213705,8.51296316089721,11.0551396792389,11.4065837368557
"Jon66Cii",4.26560401310486,4.72179776873373,4.64034831498816,4.13071712606916,4.3753817934919,4.33855719689389,5.00309984380805,4.37782167276436,4.42413290578574,4.53057418645999,4.68826426898765,4.2550735384326,6.07778849437891,6.24412257529745,6.40874699250811,4.43318823513364,4.69865010216344,6.93433242831289,7.98800219265176
"mtrm",6.72635393096154,9.70836678520635,6.65351826739779,10.1986015728259,5.03625969994331,5.23332713212342,4.95554652927234,6.89815066635409,6.72776897537768,5.78007002282144,5.6023459814088,6.44699422330419,6.57298589583031,6.72402937738634,7.19435122911869,5.48947909917244,5.25330507843089,5.18382378902742,5.5546696706065
"CG4911",9.81969243938786,12.0101987407008,8.61254877772692,11.7355970898587,7.36645166630474,7.4548972016932,7.27795152536534,9.6980994984803,10.3577579105247,9.37827932450342,9.48478436161813,9.83321863772552,10.0135343589162,10.0302821119474,10.1611514721237,7.46349214213856,7.3297926620765,6.50333203762801,8.25398135378185
"CG8177",9.24856275504504,11.0541392001363,5.95460287140044,10.4844080488973,8.27171718737091,9.05894367512033,8.0126852926484,9.73325539635363,9.30058310992247,9.361447346219,9.42237221281275,9.53310123152115,10.3138301899539,11.1086081478058,10.1808283634481,9.45628519536706,9.18038338398132,10.1647627248626,10.9416015344144
"CG10660",7.72801751156366,6.45159351544708,9.84227773004879,7.30218572269063,9.3873218014394,9.06848436760884,8.93521105751922,8.06566647955402,7.39728713844414,7.89236336317849,7.95749522371246,7.97428761225688,8.71999541377655,8.99025148808823,8.34903500447091,9.60678696602469,9.13118846122314,9.61387282123512,8.87342280965161
"CG11263",5.55803219914407,9.64727353538659,4.46002858296918,9.4652551972651,2.61281688480289,3.70297585135293,3.25350027005992,6.17411192731702,6.39934886761261,4.95574438902824,4.92093598795279,4.61667625938932,5.58141984179239,4.77467379367819,5.50162949347715,2.78771740386632,2.62687362586568,3.23701716962342,2.59700369779484
"CG7768",6.62837597634893,6.74136464946955,3.89716786347652,5.68996936632436,4.64682927446153,5.60094801925528,4.88680191590709,4.36423239246299,4.67369184715816,7.98210257274493,7.60465394811929,8.1021590543504,6.16020330758779,5.47597484312023,5.97017217545966,7.46555484296313,7.9266795495836,4.23591652788557,4.82604057211269
"fwe",8.29183241593896,8.81296068271261,7.43198031010243,7.84435382034564,7.70198053406538,7.99885403414341,8.15903117223015,8.31158648414162,7.99227924162016,9.92734598487439,9.93557347746612,9.71140652966248,7.7014388373618,7.67551013643704,7.56689876535928,9.06965426023624,8.82446238989092,6.04145647970466,6.09858652458017
"CG13029",8.96380366837712,9.64220478142468,8.79336043825068,9.63279344444401,8.73595583704152,7.87403177548468,8.77509842789031,9.37271288278906,9.72598784496558,8.56155706171312,8.7090738810151,8.78891921749186,7.33555891807975,5.95609300441602,7.54904587972345,7.72884223037559,7.99561406490661,4.33555458644551,6.58608087791602
"CG14102",6.33437096739778,7.78052791192612,5.73224567651471,7.72143234612947,4.74256788229705,5.45571042630315,4.96620469881782,6.33197322230956,6.54775472368632,7.66238956088308,7.70845108653534,7.95929793549256,8.03139153156218,7.5386332732518,7.97255898993329,6.03595026238369,6.62103666469645,7.24889532109428,7.14985891602216
"Spn77Bb",3.24055912219481,2.93427843953876,3.2571625421362,3.13139028692501,4.31829720371256,3.50652572676486,2.94865692912925,3.55218526420543,3.58438809859364,2.99901916124829,2.39006439935168,2.74354548080031,5.95160847747718,5.12236527947357,4.69142594438023,3.27652660419868,3.44464333694904,4.34158011359091,5.81971986934205
"CG32425",9.47504355130614,11.2019060061275,9.73298693514328,10.7919222300127,8.36002327667425,8.66750984838447,7.73050530816146,10.4739833683266,10.2035550182668,9.10345710447023,9.22710978679835,9.30591963030121,9.89888242230018,9.97610117854041,9.78628250427015,8.46170847805568,7.94557673253229,8.61367854597856,8.98755141355968
"Cdk12",11.0187587914239,11.8496472030756,9.79623757688218,11.5861094789101,10.1210258281126,9.73994824683788,10.2370333808773,11.0651541624299,11.1851471323595,11.6181251979749,11.5671129061151,11.6025056248616,11.4955996951277,11.3345534183946,11.4891595570302,11.0587841419496,11.0653665042977,10.7500026109431,10.8517134515175
"CG14566",6.33551378492364,8.16205406575965,7.29196906675184,8.2875794475539,6.31715139971725,6.61934946726932,6.16359938735665,9.01447754295011,8.29043325127466,6.45739303195779,6.74381774994024,6.51827321309681,6.36990246798197,7.84772216014311,6.63511794352844,8.12870612447191,7.72144299260159,6.73870844298416,7.59148826672522
"CG11370",6.45131602521397,9.42600692348306,5.26368917757798,9.43983593481497,8.02408458238736,7.30684534938131,6.1605685722482,11.5777295400371,11.1808037818558,8.72532938249893,8.38530708472319,8.08144569140133,7.25079984113996,9.69695557327855,7.7054707181598,9.86531238177849,9.60095955529237,7.92236599101923,8.56380301252243
"BoYb",7.58683780192501,9.78946550267789,5.09445883604106,9.53601631644266,4.22463190588429,4.51229223512739,4.65563724323766,6.5758586865518,7.50407224323309,6.7529989594518,6.5343086389935,7.07490763708045,7.66687134936125,7.60664952081864,7.41270947174694,4.6150836774764,4.06604334116687,4.86142068714971,4.02259333088307
"5-HT2A",7.62292143461667,7.96397008285591,6.67501064133833,8.31880701773542,6.33815826938396,6.49166801131425,7.0379040832678,8.41765288298634,8.01253409985906,5.77233099314085,6.01030945292355,6.24884368636519,6.03511493362515,6.272640116006,5.82653262941711,5.85770665233077,5.67450264959949,5.56504862820449,5.93428631118197
"CG1124",10.3954176705124,9.18871195200403,12.1781301100115,10.0053563503277,10.8249935340957,11.2383736000399,10.754567321563,9.35729881567913,9.22549024944647,10.9468765021641,10.9951434729049,10.719353334474,11.4583025397686,12.1023099516444,11.4937802314951,10.6548967739135,11.1583391090767,11.7931477255214,12.4942927565553
"Snm1",7.63021260950213,8.93758634019206,5.67043133617779,8.17504837253953,6.94097884852201,6.42821738137078,7.51051090615631,10.258985431403,10.0419694005434,7.68792634988516,7.9862373637158,8.24033467871144,8.00731851890728,7.70085421631024,7.99861379746591,6.09987289232403,6.25906107032373,6.07151754810289,6.92173796415714
"CG11000",4.95529473878964,6.32545867248468,3.15612998410335,7.00298293819445,5.67426941889384,6.47655940311909,3.98063246376725,9.70759829544459,8.50903244614997,5.49306468223967,5.61230000138278,6.01420572430418,5.83842311848738,7.34956061374802,5.68246669035822,6.35780913223313,6.5431635483759,6.27117505004099,7.63263639862235
"CG11459",5.39569865242982,7.16100761028425,7.17416758124833,7.32440061660359,4.94125599632193,5.36324673262214,5.87867267019187,7.82721196313795,7.63935941917919,5.91059156999992,6.03254537182795,6.11724291981538,5.83630726344143,5.4551108634624,5.23914702808516,5.24638890167818,6.10307663081441,5.37618174949667,6.07198645098678
"thw",5.6699959009293,8.55354447462331,5.94731861589937,7.79345753487411,5.71366225504765,6.36099654501415,5.81667260468011,7.967768269358,8.57619617476022,7.05473519224838,7.14702955667375,7.08669494956764,6.63778674950397,7.05096668085726,6.66238190932953,6.38602052341735,6.02723958257768,6.19498279840282,5.92472713983807
"GstZ2",6.8776105623558,7.84191562516282,8.04872907430587,7.74257353684596,6.01032318420879,6.48085425880627,6.39518007308642,10.1436847203541,10.0972316969538,6.51596237746049,6.54700979965532,6.47667423930562,6.80852956455089,7.99285081121187,6.62868884303204,5.91642689731579,5.55441183275995,6.43009260016141,6.12807796533458
"CG8301",7.62528985551443,9.81776792789299,6.89998695018243,9.35743663100316,5.04575462283669,6.62275881195465,4.7780228365445,7.1426866187242,7.74378055486524,6.93075440404831,7.11843001630565,7.54943787786866,7.78771810920178,8.76959972937496,7.89326112361833,7.08787609504056,6.62249353462277,7.15076033533984,8.04335475574101
"FoxP",4.8853718602817,5.4963843754297,3.52228103947605,4.78660888091064,4.03231095642676,4.65866295864138,3.70675053139225,6.76883490158819,6.67135782442487,5.87685575199356,6.2778637749094,6.15000319296853,6.21851132269591,5.84272979049072,6.13698321075207,5.37878758783559,5.4583592876896,4.76570512559168,5.21883204942238
"alphaTub85E",10.8350202138422,9.38430306073731,12.3457081698629,10.2325420953802,10.7407927569336,11.6030243335042,10.9845336899128,9.88487906598209,9.77024899602359,10.8966219627886,10.9065666025915,10.7252194982346,11.1689728208254,11.611282919541,11.1049499548548,9.84302610097505,9.75733678837528,10.695437761332,9.79033847004757
"Teh1",4.74249564958769,6.738751782453,4.14492906689406,6.45322463309336,4.63946557822377,7.1362456009149,6.04153193161331,8.95443178443582,7.2689090421997,5.87982415752193,5.67064376778939,5.3955290712064,6.00837426967686,7.45202379521975,5.56712065953991,5.96791652454654,6.11191955428254,5.93359021715792,6.95199332716833
"TkR86C",4.77102915668759,7.6963295742113,6.76127606678055,8.78908370564918,4.81587468402115,6.0834033761349,4.52872567990911,10.0669748343665,9.24204214445163,4.58040098519398,4.76496015371252,4.55679434300825,5.04777789460015,6.54998136833387,4.48132577866583,4.71933140471973,4.17968944549682,4.33265687858448,5.42711238860559
"CG7381",6.78770188362322,8.39086543803402,7.35602954948367,8.12013058802854,5.5336509018219,7.01448489211513,5.73409410640896,9.79974966675979,9.0074566489122,6.58935665469354,6.91268555287738,7.15729297416612,7.5306465727472,8.45419763893817,7.31247723511571,5.87760886317257,5.42263675028833,6.99676639697875,5.98246523975627
"CCHa2",5.38404111457679,9.54757667581818,8.4984738624427,8.98582211319706,6.89646580054911,7.6263269777221,6.50135056970547,9.11086045651722,8.11605835919399,6.11522540025858,6.42729458141883,6.16125123977661,6.64547513729827,8.18067743149164,6.75574448386248,5.94592094300706,6.34020234766451,6.00479899999061,6.20720502183687
"CG9616",3.92630359530084,3.14799464279646,6.74709643516193,3.8473231246077,5.30963498779143,4.73603783602885,5.72583294738769,3.91476955505363,3.55361720463527,4.53956707933552,4.68580154629555,4.79425184496493,5.41500611362623,6.06534251571371,5.44952410238789,5.17814819409948,6.11511073207942,6.1076229100106,5.52575833004108
"spn-E",8.12894772411619,10.4743025574015,4.67920417981662,10.0433322399181,5.69363257715087,5.6639407223617,5.9557284662354,7.77841907883092,8.52242031730476,6.26978136728517,6.53843869765748,7.06792701367913,7.44680327568636,7.03474152118421,7.33165297025858,5.1165542655217,3.97999485614516,6.47836141869711,5.7029809257977
"Gyc89Da",6.42776855049509,9.13130762060442,8.35892249858117,8.58499106001118,6.36614382859557,6.964107241086,6.0057048635636,10.2423064124491,9.61493900615247,6.30330308990191,6.18060832550786,6.15496790142707,6.72867832051011,6.52107582430419,6.44556328200592,5.63037587961866,5.52851741328848,6.02220348904445,5.67210624834168
"Gyc89Db",6.06317884630773,8.09256482064133,7.35640631745918,8.3241159928463,5.89863737009247,6.6805530738266,4.69205976343766,8.81662559016487,8.52752211351102,6.81917848427043,6.83745869136409,7.05244279828068,7.09262204563634,7.36210321497633,6.87279764814243,5.73778591508955,5.29519580273413,5.34421854147058,6.20962454276636
"Scp2",8.37653235130964,8.24583948055536,10.4848828198833,8.37980917569306,8.18744709310606,9.68731705211846,8.98389426281014,8.77523202894779,9.18761395474767,8.28490519557208,8.2051674334865,8.26636079292316,9.41557721337056,10.3306420381195,9.26923249402021,7.51035688418095,6.41949217030794,9.60759632117638,10.2034200720984
"CG17562",8.23989332835366,4.44579828382485,9.4949041699226,7.33871289311366,5.00690039885293,7.92691094457792,8.20308994361054,4.22987248475473,3.05148779342758,8.22216500866965,8.23319214067077,8.11701485948802,8.75917849191593,8.08850279714702,8.45963581769085,6.32433079200408,5.70556020136267,6.85070587409356,5.25310297049245
"beat-IIa",9.22043543247251,5.67827618600829,9.77100297100197,7.89199195561338,8.67475990043746,9.28575967260726,8.42255798754196,5.63161997849167,5.24883878559389,9.52332257899405,9.54550081599106,9.42757968348634,9.5713451186225,9.66233347972185,9.53625205769421,8.10644970107604,8.04693207391977,7.9905881456876,7.96114708204982
"Sur-8",10.1786080876362,7.90344215998157,8.7263123365807,8.72792308614525,12.0257864132838,11.4965112474887,11.6906406194376,8.21340504848103,8.86709090223947,10.2557656031644,10.2569084201332,10.3465801768038,10.5322331299562,10.394139362094,10.5532334885745,12.1138277459389,12.208458285884,11.6892428271209,11.9980886291017
"CG14332",4.57181987922941,4.77311385743553,4.71654984372784,4.25800454709418,4.85848096960843,4.76155960615404,4.52106968934329,4.84251435670097,5.2347035877049,4.19714331543223,4.5161323004717,4.43962545552614,8.06183214278837,7.30044143572314,8.41843580732902,4.63131933029231,4.8623661496533,8.39676816150572,8.35043347665856
"cysu",10.3285088809322,8.32338048450152,10.0970454187009,9.4144042851855,10.795274072648,11.1619601760475,9.06964445428607,7.59071349993821,8.03736610916351,10.5499415360378,10.4987632434984,10.3732068218035,10.4779829151144,10.4913513396304,10.4475225804847,11.1148692656856,11.0050838655448,10.5205577195333,10.9541140865183
"CG14314",7.5939733291486,9.43811736884118,7.67213660901196,9.17603817687933,6.36666880417136,7.15648146686104,6.08407746102375,9.49004849063453,9.51211333218074,7.57428583298251,7.57953983983134,7.55069316564418,7.98974541847885,7.46181331300849,7.70676239458394,6.4992211099581,6.14866559808178,7.33057838724434,6.69101986122428
"CG14302",7.26897732804901,6.807836857425,9.30981654222902,6.60864361036685,6.96608888303668,9.84938379163458,7.10009630487492,6.46915885379468,7.08885298777534,8.29668048802485,8.46472063707024,7.53543752504827,9.85177966980732,11.7561784601024,9.6358614099561,6.93333575375146,8.66901265030556,10.9238730477196,9.88407925840844
"GluClalpha",5.96978110336488,8.68164777226015,5.87495646478309,7.86762471625541,4.63831884786169,6.94860331463186,6.09363103666579,9.11692442266557,8.77509774687459,6.84400005723121,6.75092168550151,6.94961403024914,6.9730219296259,7.38828405195202,6.93603255350205,6.15363813683715,5.74713910600404,6.08785416479681,6.43781725121545
"CG5697",6.84445964865447,8.02267597562058,7.54380844074033,8.66813751762082,4.68636615314006,7.32376546843255,5.46760257648784,10.5669504874062,10.2708156375649,6.45924865470487,6.6936127743735,6.65712759628561,6.82637358716075,9.0290087555678,6.86460134143462,7.1456564157844,5.23882017385094,7.88490692191156,6.30708756101231
"CG42335",6.74514037643882,4.01556832783864,7.69911580106625,5.39286837168638,5.97052403583894,7.16992575770709,6.58761933221743,3.31993209727738,3.85331152876468,6.60242179990045,6.676749973444,6.2867113630589,6.99001805590554,7.64523919371411,6.83658100725383,4.81928768426795,4.78741230457608,5.6636253791198,5.73872276144856
"fit",6.24099085451792,7.5493138968652,6.42388480144095,7.23034642068082,4.64477059570503,4.8936190517734,4.48549681826112,7.2009182855084,7.77907422592601,5.75199376234197,5.97935650199153,6.16125888298329,5.82343383584108,4.31343359700815,5.68375325922588,4.6350753480593,4.61822146191416,4.31005952016957,5.38992748761583
"CG5388",5.35288342002068,3.42808245330933,5.41579692904869,4.11449982332403,6.18175346925688,6.29162381473213,6.07277560423083,3.33152442361028,4.11154094190593,3.13250091203162,3.4158893235716,3.31334587339665,3.14797481344977,2.83891996308595,3.01205805522479,3.3790662672751,3.33346255281074,3.29006337883615,3.26033307091671
"Pebp1",6.57864424371754,5.32464051974845,10.501460844031,6.78125514059942,8.33435536159168,9.83654514521536,7.56897306536012,5.824510129844,5.63266357172223,8.08933818879396,8.17007051304161,7.19160779683148,8.9852419515525,11.4146629188316,8.85924840163866,7.51862637559003,8.95712930288541,10.5813385769543,8.40593826662723
"Octbeta1R",5.13048541964496,8.11980977184779,5.5729054138741,8.64464213413402,6.91124878579611,7.32051280536653,6.15958456944912,10.8532207201987,9.39893240075197,4.86408434703891,5.06844996299605,4.62192564546944,4.88688577433675,6.31157854886008,4.43124338617009,5.66552950917276,5.9077646982994,5.79654204724154,5.70320758030681
"bond",8.40766240584109,6.06145200285217,9.44201944987816,7.37632495301014,8.88644842385889,8.88353416516192,7.08778294927466,6.85289874751144,5.74991922324363,8.80038855650731,8.87783036884073,8.68495525815179,9.06840012006344,10.1606992509191,8.91529071456472,9.66344454773595,9.44597454417142,8.44016427518007,8.57090913620565
"CG6660",5.43568588137005,3.08903027011574,7.40531614265953,4.44682982804931,6.02657410496658,6.0628287374841,6.21393634018093,3.32653827452516,4.13589649710786,6.33988641705556,6.28190597432686,6.24673853905488,6.37739168437252,6.20437592549857,6.14250785586526,7.27285748940108,7.14215642816225,6.24842066157474,5.83075194480726
"CG17109",9.76995576644915,6.36054011239665,11.5435523780178,8.62860722860404,11.3102824657111,11.3188538412949,12.8823628577065,8.02212164471415,11.1290103584093,9.08579725127847,9.17546472672004,8.98151431319216,9.74215251749075,11.4577637860695,9.60803212691541,9.52074505686147,8.96304736564517,9.96563186717821,7.71748087981149
"orb",6.69126723830091,8.50920291326641,5.89281391451531,8.42384620448952,4.703785075444,5.44921038306411,5.06106644364679,8.47008081460544,8.53913500948319,6.85939805052316,6.96011644370527,7.13230516170844,6.51650435128885,6.13481425398715,6.93626563410742,5.58188916350009,6.20764172502455,4.37662402958199,4.99523974295446
"CG13634",5.83972669485301,5.57493430287894,8.61211423751912,5.6493147921517,7.92567051433665,7.3315031436677,7.12302552587077,5.43587681957167,5.32699854996735,6.41690851416941,6.43355840595368,6.61025222200935,6.84978309413649,6.6961006316197,6.63876603883677,7.88102335809293,7.8513501023639,7.67992996085205,7.50528773420508
"CG13653",6.26561163771221,6.44884882363641,3.42593099460458,5.76091042679114,3.20764639999668,3.18978915712432,3.36902919540601,5.517514832063,5.32230474921121,3.57177763276923,3.62769906927386,3.99019693275624,3.22779699183131,2.79233600959329,3.27874454246387,3.31457682914237,2.99795254336831,3.30250516845444,3.51678686090321
"CG11852",4.74805629766699,3.88179108646809,5.22073943614964,4.56719230859104,3.74678363357458,3.62859737142092,3.78253571516014,3.38118355226987,3.50014616910773,5.54860912575465,5.71712552154434,4.78598508366056,7.85709692710629,10.0580684380312,7.48363101638738,5.01716695100794,5.62831296813031,5.61558161790235,8.95485295415768
"CG11893",4.14401710941761,8.80952491361759,4.06630244727367,8.50356338784484,4.5004579151116,4.23168081899603,4.60390320576524,9.19196537287766,8.22720218705199,6.94668735572482,6.88467520205673,6.74423661635287,6.75391012630735,7.31096873362159,6.76554976466061,5.87672439166291,6.44106794445523,5.19634648364708,5.44428886311801
"CG31098",9.21928947667732,7.96467240879596,10.8828667420663,8.70160112467249,10.7234843805894,10.1925590856613,10.3160085808663,8.75170544117141,8.16580810384073,9.59620484731671,9.58858886587627,9.45302844047486,10.0145467577479,10.7884588742511,9.89729395508494,10.3617857203771,10.340673058537,10.2210295563717,10.1234237693992
"CG31097",6.24797412447066,3.45654040689128,5.04813183418211,4.65797642950154,7.18319940367866,5.95865871787968,7.49963788782256,4.04988420872519,4.2984306760245,3.40280493587306,3.08322984286817,3.2029361038989,4.03390204853678,4.212068374548,3.63193307496576,3.95597045553344,3.35469482352699,4.08558272338875,3.26950203954177
"CHKov2",7.0785999331241,8.4001907686861,5.49879254185331,7.44636559709774,7.58768087943558,7.12190157989837,6.18262610910742,9.64652628455731,8.55755680503527,8.86251053794626,8.91984998475881,8.81353413702294,8.72894844821203,8.27848473936868,8.60998573209273,9.19324758531183,8.80769895253086,8.46594919740431,8.66226014189449
"CG5039",11.0430200764483,10.1031142533006,11.2986847137009,10.15301971973,11.4578169564494,10.920237279111,11.0292672173797,9.95832599787601,9.97285972091664,8.29057380220856,8.52626385532918,8.42022673136167,10.4130629036451,9.42251563344784,10.2899224914956,8.60948202209107,8.51593987602252,10.4252114960813,10.1122869503064
"E(spl)m4-BFM",12.1058988943922,12.6174040589513,9.25911493759227,12.5735010161076,10.7323066974358,10.5159336657628,12.0495622518651,12.9402775888404,12.9091976420749,10.8130724358426,10.8336780352432,11.2535451138287,10.3481457841485,8.10830805865742,10.4444300323255,10.1343158204817,9.82868098746775,9.42692943007718,9.28065442013471
"CG7567",7.50292701729944,5.01548504679357,10.2902098643851,7.00098226342604,8.91235399812242,10.2063207441821,8.64987008629446,5.83293891978085,5.95001088122551,7.60106991985142,7.64138448771592,7.36489161216063,8.63076658609132,10.2741099196093,8.07555917061044,10.1527964114029,4.74064370689485,10.7097599526698,5.72631101260726
"CG15522",5.35574841733934,7.98359681618089,6.96758165952271,6.93328344196455,5.7485306335813,5.59573676568539,5.67896637971398,9.39182485744062,8.61499316006946,5.27358787892144,5.46560471261072,5.33046219585884,5.57966429716054,5.93957514480512,5.33157670348638,5.48891406124437,5.29908523202174,5.82324043739542,5.37032097957272
"Map205",8.04435909157452,11.132201876292,5.59191059463153,10.9058254786524,6.94775687511211,7.65615219579216,7.51492826977677,10.4664381499746,10.3803313324186,10.5148659104033,10.4697322426748,10.5273647783644,10.3601304139043,10.324969303938,10.6107788418639,9.25699751689308,9.73788838302716,8.45723175396917,9.31216116926494
"CG34106",4.4363349612492,5.90920970738186,5.29541160403497,5.87818869448756,4.6025272175187,6.09340383892311,4.80731756602584,8.54858130607215,6.84376490295791,4.59152123427034,5.06898600514883,4.62995346451155,4.78488044048524,5.93628740356711,4.70796831269952,5.02672257259865,4.25238275788131,4.7972931227342,5.13870380348114
"sif",8.63060018299984,9.842988431848,4.98668038716888,9.54495989333557,8.27857557312665,9.97085352130187,8.46374404623156,11.5044386731105,11.0449722679093,9.5687309913469,9.49480068356209,9.47366398522857,9.77108840594816,10.7286559618548,9.38567457114008,9.21462108105755,9.58906858606706,9.7229474320847,9.75751140812853
"sub",4.67744333287319,6.64477555772883,4.29217823430036,6.24429696308166,4.32124309246081,3.83072827082068,5.16938303931194,9.85376213041181,9.29896790225276,3.84122126763349,3.75836568803088,3.57262441300819,3.75413119198803,3.43717336504966,3.73002244669712,4.650763843186,4.41395718688577,4.32334945182506,4.93720830980758
"rhi",7.84469446564603,10.2017865798329,5.56022972296589,9.83563838036387,6.10432663732124,5.75377940478715,5.7421008041148,7.25347887874879,8.35486390693462,7.14149073626074,7.34715882619769,7.57479608004473,7.63069692744092,7.28997410371764,7.64110579124674,5.77223910834825,5.92229189221908,5.48791808202854,5.858038707002
"fs(1)N",4.86388017967076,7.32217134798802,5.50543357289752,7.37285017580711,4.19536342485498,4.49788512126526,3.80992542334232,5.35269345189315,5.15033815456344,4.91218504644106,4.90135733687725,4.95351447712166,5.75650682418583,5.67427572705057,5.49491404291535,3.80392865401964,3.98586429350161,4.93476488838653,4.71835690338173
"betaTry",4.72054495468245,7.38395748715429,4.97874868254072,8.088660318297,5.05042348194267,4.79565649709743,4.60232119771319,8.25622115940412,7.80949104313222,6.577604285695,6.24369619361237,4.64079536352128,7.07028664592452,7.18332617313675,7.31498371027621,5.08441276408763,8.09322151416801,5.06823378392516,5.1652454083594
"Marf1",8.87510117326802,11.1138319562673,6.35041830928279,11.2899181060527,6.41453451936131,6.88572927896879,6.08516332458125,8.6713563811408,9.33615453719336,9.1000874463295,9.04314307232374,9.26352030368614,9.89688455530418,9.93106760608516,10.2902627133077,6.76696076428365,7.24296017105339,6.18981967540834,7.46243553391406
"CG34281",4.71400173268047,4.44669416243186,5.86306059842232,6.15294990427675,4.28251066614427,4.55754622230192,5.05363660262384,4.87129689890768,5.82817930955209,5.16678390310584,5.0170770800362,4.78805538552313,8.1489458758733,8.53539427816893,7.47679666489198,4.12229170456993,4.62933765777692,5.39870125367167,6.54124834553837
"CG11458",4.96577932024937,5.64088229527043,4.12733448316441,6.08071029871544,3.78041114789206,3.63966547774023,4.41464146731012,6.49634862418356,6.52638512393903,3.18512519077132,3.69978581994869,3.6027983570859,3.63719033930146,3.84257732836444,3.35879594927358,3.53439515380693,3.37724713052663,3.61928272037134,3.6968035017007
"CG15353",4.97657656057942,6.01754227675723,4.28372786102694,4.90868246049786,5.03677156477537,4.82167267890424,3.96095209876028,6.59977017627804,6.90538661651491,5.07500850152348,5.25437637993651,5.38530565947261,3.54294295347374,3.72938099509653,3.5157834639411,5.93770503617113,6.12904079917235,3.76468665909859,4.3769403935895
"IM3",4.38471897098097,3.96720288114221,4.80367552598416,6.62125662782743,4.26398039256181,4.00408560135764,3.59210157019471,4.90816203766186,4.95638052694013,4.39516076389257,4.04486863977222,3.96402189633766,7.36219540499331,9.49522205140127,7.53575559263733,4.95322933640493,4.86693811375594,8.99819283973153,7.76548081439701
"CG13056",4.40468346683763,7.68828346423385,6.35030666759658,6.92883754355879,4.26869746682687,4.62944386223115,3.99847870981899,8.41218365955329,8.89741023343397,5.55327432419673,5.20229080914367,5.47318668623915,5.32324697904652,7.88055212276556,5.13250672150078,3.13856731489889,4.79214812794081,4.32694786716292,3.42681361997514
"CG32354",9.46203520774707,7.56235606902845,10.6240918047749,8.94918887617431,10.8204202930914,10.5228320625281,10.1783463237895,8.61866038576645,8.9403459113549,9.46259231557331,9.55301573511125,9.5651369640748,10.2473428862353,9.8878253852389,9.96503247680123,10.211336075378,10.0957766039538,10.3092345873107,9.82745641257801
"CG34384",3.72500655273562,4.38008360787401,2.25688798682952,4.43568477666351,2.77628332838838,4.24215443037425,3.81659054754631,7.01991120109844,5.87960580371771,3.6854302302267,3.54317879603274,3.17800101232467,3.64207398838881,3.39858634938943,3.36430918771397,2.7954840410263,2.61548891203141,2.75506398378134,3.22696142213311
"CG34166",8.04503633602549,7.06036123421562,11.1363821930782,8.34719807317971,8.58645666190696,10.4920302266315,9.29242287367397,9.64937343908381,8.41447274462278,8.27379281338117,8.24506504381779,7.46849062172707,10.6749477910583,11.7738637089317,10.7526120083312,7.99924741355194,8.87940710296141,10.4252638883875,9.08613109932734
"CG18735",5.26874778644157,8.84049427617607,5.95484951914567,8.15945480299768,6.48109026836937,5.48358505293583,5.07736642275662,7.78153576569775,8.54437162440683,5.21755757599474,5.06288527144641,5.10046242086339,4.83866513762894,4.78552880910247,4.88031200231976,6.07718948578636,5.87005040952523,5.91549015779354,6.28787671071492
"Ugt305A1",6.67538013627705,4.50980831102978,8.46800244573243,6.35848578964483,6.17119574538752,6.79282355022717,6.69935902881063,4.72449424126784,4.79777195257423,6.86354834130969,6.75325897026169,7.01407294355736,7.62761070625186,7.6190938769401,7.26063738471852,5.95713364935635,5.50831357973687,6.61877747673577,5.13588506858027
